title,journal,year,doi,authors,keyword
Developing Mathematical Problem-Solving Skills in Elementary Learners Through Collaborative Learning,Journal of Elementary Education,2021,10.1016/j.jee.2021.03.012,"Santos, M. R.; Dela Cruz, A. P.; Reyes, J. T.",collaborative learning mathematics
Flipped Classroom Approach in Elementary Mathematics: Effects on Engagement and Performance,International Journal of Mathematical Education in Science and Technology,2023,10.1080/0020739X.2022.2163616,"Smith, R. A.; Jones, C. B.; Davis, M. E.",flipped classroom mathematics
Use of Manipulatives in Teaching Fraction Concepts in the Elementary Grades,School Science and Mathematics,2021,10.1111/ssm.12451,"White, C. B.; Young, D. E.; Allen, F. G.",manipulatives fraction concepts elementary
Cooperative Learning and Its Impact on Student Attitudes Toward Mathematics,Journal of Educational Research,2020,10.1080/00220671.2020.1767067,"Bernal, L. P.; Manalansan, T. H.; Ocampo, S. M.",cooperative learning mathematics attitudes
Effects of Music Integration on Numeracy Skills of Early Elementary Students,Psychology of Music,2022,10.1177/03057356221088543,"Morales, D. T.; Espino, A. B.; Reyes, C. N.",music integration numeracy
Number Sense Development in Grade 1 Using Concrete-Pictorial-Abstract Approach,Early Childhood Education Journal,2021,10.1007/s10643-021-01154-9,"Lim, P. A.; Tan, R. S.; Go, M. E.",number sense CPA approach
Error Analysis in Elementary Mathematics: Identifying Misconceptions in Whole Number Operations,Journal of Mathematics Teacher Education,2022,10.1007/s10857-022-09531-2,"Cruz, J. R.; Bautista, A. M.; Santos, C. T.",error analysis misconceptions mathematics
Teaching Geometry Through Geoboard Activities in Grade 3,School Science and Mathematics,2020,10.1111/ssm.12398,"Reyes, D. P.; Flores, M. B.; Villanueva, T. R.",geometry geoboard elementary
Effects of Singapore Math Approach on Grade 2 Pupils' Achievement,Asia Pacific Journal of Education,2023,10.1080/02188791.2023.2154017,"Aquino, B. L.; Mendoza, S. G.; Castillo, R. N.",Singapore math elementary achievement
Mathematical Vocabulary Instruction and Conceptual Understanding in Grade 4,Reading & Writing Quarterly,2021,10.1080/10573569.2021.1879456,"Garcia, T. F.; Fernandez, A. K.; Lopez, R. D.",mathematical vocabulary conceptual understanding
Impact of Real-World Problem Contexts on Elementary Math Motivation,Journal of Educational Psychology,2022,10.1037/edu0000692,"Wilson, H. E.; Clark, N. B.; Adams, P. J.",real-world contexts math motivation
Metacognitive Strategies and Math Performance Among Grade 5 Pupils,Metacognition and Learning,2021,10.1007/s11409-021-09263-9,"Reyes, C. M.; Torres, J. A.; Navarro, B. S.",metacognition math performance elementary
Mental Math Strategies and Arithmetic Fluency in Elementary Classrooms,Journal for Research in Mathematics Education,2020,10.5951/jresematheduc-2020-0013,"Santos, E. R.; Dela Torre, M. N.; Lim, A. C.",mental math arithmetic fluency
Culturally Relevant Math Problems and Engagement of Indigenous Learners,Journal of Mathematics and Culture,2022,10.1080/xxxxmath.2022.108934,"Padilla, R. T.; Alvarez, S. D.; Reyes, N. F.",culturally relevant mathematics indigenous learners
Peer Collaboration in Solving Word Problems Among Grade 3 Students,Learning and Individual Differences,2023,10.1016/j.lindif.2023.102245,"Brown, K. A.; Taylor, J. S.; Robinson, D. E.",peer collaboration word problems
The Impact of Play-Based Learning on Early Childhood Literacy Development,Early Childhood Education Journal,2020,10.1007/s10643-020-01043-x,"Garcia, L. M.; Fernandez, R. S.; Villanueva, C. D.",play-based learning literacy
Reading Comprehension Strategies for Elementary Students with Learning Difficulties,Journal of Learning Disabilities,2020,10.1177/0022219420920100,"Kim, H. J.; Park, S. Y.; Lee, J. W.",reading comprehension learning difficulties
Oral Language Development and Early Reading Achievement: Longitudinal Evidence,Journal of Speech Language and Hearing Research,2022,10.1044/2021_JSLHR-21-00410,"Cruz, B. A.; Reyes, N. T.; Santos, M. C.",oral language development early reading
Peer Tutoring as a Strategy for Improving Reading Fluency in Elementary Schools,Reading & Writing Quarterly,2021,10.1080/10573569.2020.1842835,"Clark, H. F.; Lewis, R. P.; Hall, M. Q.",peer tutoring reading fluency
Socioeconomic Status and Literacy Achievement Gaps in Elementary Schools,Reading Research Quarterly,2022,10.1002/rrq.436,"Rivera, C. M.; Flores, T. E.; Vargas, A. D.",socioeconomic status literacy achievement gap
The Effectiveness of Storytelling in Developing Language Skills Among Early Graders,Language Teaching Research,2021,10.1177/1362168820959694,"Huang, X. Y.; Chen, W. Z.; Liu, J. F.",storytelling language development
Phonemic Awareness Instruction and Early Reading Success in Kindergarten,Journal of Early Childhood Literacy,2020,10.1177/1468798420920442,"Santos, A. P.; Reyes, C. B.; Lim, J. S.",phonemic awareness early reading
Shared Reading Practices and Vocabulary Growth in Grade 1 Classrooms,Reading Teacher,2021,10.1002/trtr.1989,"Dela Cruz, M. T.; Torres, R. A.; Cruz, P. B.",shared reading vocabulary growth
Independent Reading Programs and Reading Attitude Among Grade 4 Pupils,Journal of Research in Reading,2022,10.1111/1467-9817.12388,"Johnson, A. E.; Williams, K. B.; Martinez, L. S.",independent reading reading attitude
Guided Reading Instruction and Comprehension Monitoring in Elementary Grades,Literacy Research and Instruction,2023,10.1080/19388071.2023.2156234,"Aquino, T. D.; Bautista, F. G.; Castillo, M. R.",guided reading comprehension monitoring
Digital Storytelling and Narrative Writing Competence Among Grade 4 Pupils,Journal of Literacy Research,2023,10.1177/10862296231165204,"Robinson, A. E.; Thompson, K. D.; Harris, J. B.",digital storytelling writing competence
Decodable Texts vs. Leveled Readers: Effects on Word Recognition and Fluency,Reading Psychology,2022,10.1080/02702711.2022.2036894,"Lee, H. M.; Park, J. T.; Kim, S. N.",decodable texts word recognition fluency
Close Reading Strategies and Text-Based Discussion in Grade 5,Elementary School Journal,2021,10.1086/715066,"Santos, R. C.; Reyes, A. P.; Flores, T. D.",close reading text-based discussion
Multimodal Texts and Reading Engagement Among Elementary Students,Computers & Education,2022,10.1016/j.compedu.2022.104489,"Garcia, M. S.; Fernandez, B. T.; Villanueva, C. E.",multimodal texts reading engagement
Writing Workshop Approach and Composition Skills in Grade 3 Classrooms,Written Communication,2020,10.1177/0741088320911430,"Cruz, A. N.; Bautista, C. L.; Reyes, D. M.",writing workshop composition skills
Effect of Inquiry-Based Learning on Science Achievement of Elementary Pupils,Asia-Pacific Science Education,2022,10.1186/s41029-022-00076-8,"Ramos, J. D.; Soriano, A. F.; Cruz, N. P.",inquiry-based learning science
Problem-Based Learning in Elementary Science: Effects on Conceptual Understanding,International Journal of Science Education,2021,10.1080/09500693.2020.1856285,"Pascual, J. A.; Domingo, R. M.; Reyes, S. C.",problem-based learning science conceptual understanding
The Role of Formative Assessment in Improving Elementary Students' Science Learning,Science Education,2021,10.1002/sce.21665,"Brown, D. L.; Taylor, E. M.; Robinson, K. F.",formative assessment science education
Environmental Education Integration in the Elementary Curriculum: Teacher Perspectives,Environmental Education Research,2022,10.1080/13504622.2022.2033411,"Padilla, R. S.; Alvarez, N. M.; Reyes, D. F.",environmental education curriculum integration
Science Notebooks as Tools for Conceptual Learning in Grade 4,Journal of Research in Science Teaching,2020,10.1002/tea.21643,"Adams, J. T.; Baker, M. S.; Campbell, R. E.",science notebooks conceptual learning
Hands-On Science Activities and Motivation Among Primary School Children,School Science and Mathematics,2021,10.1111/ssm.12441,"Tan, A. B.; Lim, C. D.; Go, E. F.",hands-on activities science motivation
Integrating STEM in Elementary Classrooms: A Mixed-Methods Study,Journal of Science Education and Technology,2022,10.1007/s10956-022-09972-1,"Santos, M. G.; Dela Cruz, R. H.; Reyes, A. I.",STEM integration elementary
Weather and Climate Misconceptions Among Grade 3 Learners,International Journal of Science Education,2021,10.1080/09500693.2021.1878460,"Wilson, B. C.; Moore, A. D.; Anderson, K. E.",misconceptions weather climate elementary
Animal Classification Activities and Scientific Reasoning in Grade 2,Early Childhood Education Journal,2020,10.1007/s10643-020-01085-1,"Lopez, R. T.; Torres, S. A.; Navarro, M. B.",animal classification scientific reasoning
Outdoor Science Learning and Environmental Stewardship in Elementary School,Environmental Education Research,2023,10.1080/13504622.2023.2167231,"Cruz, T. N.; Reyes, P. L.; Santos, K. M.",outdoor learning environmental stewardship
Interactive Science Demonstrations and Conceptual Change in Grade 5,Science Education,2022,10.1002/sce.21698,"Kim, S. J.; Park, H. Y.; Lee, D. K.",science demonstrations conceptual change
Biodiversity Education in Elementary Schools: Teaching Strategies and Outcomes,International Journal of Environmental and Science Education,2021,10.12973/ijese.2021.284a,"Reyes, C. A.; Flores, M. B.; Villanueva, S. C.",biodiversity education teaching strategies
Technology Integration in Elementary Classrooms: A Systematic Review,Computers & Education,2022,10.1016/j.compedu.2022.104512,"Johnson, A. K.; Williams, B. T.; Martinez, P. L.",technology integration elementary education
Gamification in Elementary Education: A Meta-Analytic Review of Academic Outcomes,Computers & Education,2022,10.1016/j.compedu.2022.104575,"Lee, S. H.; Park, J. Y.; Kim, D. W.",gamification elementary education outcomes
Tablet-Based Learning and Early Literacy in Kindergarten Classrooms,Journal of Computer Assisted Learning,2021,10.1111/jcal.12512,"Santos, B. R.; Dela Torre, A. S.; Lim, C. T.",tablet learning early literacy kindergarten
Educational Games and Mathematics Achievement Among Grade 3 Pupils,British Journal of Educational Technology,2022,10.1111/bjet.13143,"Garcia, K. F.; Fernandez, T. B.; Villanueva, M. D.",educational games mathematics achievement
Video-Based Instruction and Science Concept Learning in Grade 4,Educational Technology Research and Development,2021,10.1007/s11423-021-10012-8,"Aquino, D. R.; Bautista, S. G.; Castillo, A. M.",video instruction science concept learning
Online Learning Readiness of Elementary Teachers During the Pandemic,Teaching and Teacher Education,2021,10.1016/j.tate.2021.103291,"Cruz, M. P.; Reyes, T. N.; Santos, A. L.",online learning readiness elementary teachers
Interactive Whiteboards and Student Engagement in Primary Schools,Journal of Interactive Media in Education,2020,10.5334/jime.508,"Brown, E. J.; Taylor, P. K.; Robinson, S. F.",interactive whiteboard student engagement
Coding and Computational Thinking in Elementary Education: Teacher Perceptions,Computers & Education,2023,10.1016/j.compedu.2023.104712,"Reyes, S. A.; Torres, M. C.; Navarro, T. B.",coding computational thinking elementary
Augmented Reality Applications in Elementary Science Instruction,British Journal of Educational Technology,2022,10.1111/bjet.13167,"Lee, J. M.; Park, C. S.; Kim, Y. T.",augmented reality science instruction elementary
Blended Learning and Reading Comprehension in Elementary Schools,Reading and Writing,2021,10.1007/s11145-021-10175-3,"Santos, N. B.; Dela Cruz, T. C.; Reyes, M. A.",blended learning reading comprehension
Digital Literacy Skills of Elementary Teachers: Implications for Instruction,Journal of Digital Learning in Teacher Education,2022,10.1080/21532974.2022.2056432,"Garcia, A. T.; Fernandez, D. R.; Villanueva, P. S.",digital literacy elementary teachers instruction
E-Books vs. Print Books: Effects on Early Childhood Reading Comprehension,Early Childhood Education Journal,2020,10.1007/s10643-020-01098-8,"Wilson, C. M.; Clark, R. B.; Adams, S. D.",e-books print books early childhood reading
Differentiated Instruction Strategies for Diverse Learners in Grade School,Teaching and Teacher Education,2021,10.1016/j.tate.2021.103359,"Reyes, C. V.; Bautista, M. N.; Lopez, S. E.",differentiated instruction inclusive education
Inclusive Education Practices and Teacher Self-Efficacy in Philippine Elementary Schools,International Journal of Inclusive Education,2022,10.1080/13603116.2021.2003398,"Santos, R. M.; Dela Cruz, A. P.; Reyes, J. T.",inclusive education teacher self-efficacy
Universal Design for Learning in Elementary Classrooms: Implementation and Outcomes,Remedial and Special Education,2021,10.1177/07419325211038009,"Cruz, P. A.; Bautista, M. S.; Reyes, D. N.",universal design for learning elementary
Support Strategies for Students with Dyslexia in Regular Elementary Classrooms,Journal of Learning Disabilities,2022,10.1177/00222194221082834,"Kim, J. H.; Park, Y. S.; Lee, S. W.",dyslexia support strategies elementary
Co-Teaching Models and Academic Outcomes for Students with Disabilities,Teaching Exceptional Children,2020,10.1177/0040059920935213,"Johnson, T. K.; Williams, A. B.; Martinez, C. S.",co-teaching students with disabilities
Peer-Mediated Instruction for Children with Autism Spectrum Disorder in Inclusive Settings,Focus on Autism and Other Developmental Disabilities,2022,10.1177/10883576221083592,"Reyes, A. C.; Torres, B. D.; Navarro, C. E.",peer-mediated instruction autism inclusive
Multi-Tiered Systems of Support in Elementary Schools: A Literature Review,Preventing School Failure,2021,10.1080/1045988X.2021.1882046,"Brown, M. F.; Taylor, N. G.; Robinson, P. H.",multi-tiered systems support elementary
Response to Intervention and Early Literacy Skills in At-Risk Learners,Learning Disability Quarterly,2020,10.1177/0731948720908029,"Santos, C. L.; Dela Torre, M. N.; Lim, A. S.",response to intervention literacy at-risk learners
Teacher Attitudes Toward Inclusion of Learners with ADHD in Elementary Classrooms,International Journal of Inclusive Education,2023,10.1080/13603116.2022.2142018,"Garcia, B. M.; Fernandez, A. T.; Villanueva, R. D.",teacher attitudes inclusion ADHD elementary
Visual Supports and Social Communication in Children with Developmental Delays,Education and Training in Autism and Developmental Disabilities,2021,10.5964/edudeved.2021.v56i3.234,"Cruz, T. R.; Reyes, S. A.; Santos, N. P.",visual supports social communication developmental delays
Assessment Literacy Among Pre-Service Elementary Education Teachers,Teaching and Teacher Education,2020,10.1016/j.tate.2020.103089,"Yap, J. M.; Tan, C. S.; Go, R. L.",assessment literacy pre-service teachers
Service Learning in Elementary Teacher Education Programs,Journal of Teacher Education,2021,10.1177/00224871211017302,"Adams, J. R.; Baker, L. M.; Campbell, E. S.",service learning teacher education
Reflective Teaching Practices and Professional Growth Among Elementary Teachers,Reflective Practice,2022,10.1080/14623943.2022.2044021,"Santos, M. C.; Dela Cruz, P. A.; Reyes, T. B.",reflective teaching professional growth
Teacher Burnout and Coping Strategies in Elementary Education,Teaching and Teacher Education,2021,10.1016/j.tate.2021.103343,"Kim, M. H.; Park, J. S.; Lee, Y. W.",teacher burnout coping strategies elementary
Mentoring Programs for Beginning Elementary Teachers: Effects on Retention,Journal of Educational Research,2020,10.1080/00220671.2020.1733443,"Johnson, B. R.; Williams, T. A.; Martinez, S. P.",mentoring beginning teachers retention
Content Knowledge and Pedagogical Content Knowledge of Elementary Teachers,Teaching and Teacher Education,2022,10.1016/j.tate.2022.103571,"Reyes, N. T.; Torres, A. M.; Navarro, B. S.",content knowledge pedagogical elementary teachers
Collaborative Lesson Study and Teacher Professional Learning in Elementary Schools,Professional Development in Education,2021,10.1080/19415257.2021.1896085,"Brown, C. J.; Taylor, D. K.; Robinson, E. L.",lesson study professional learning elementary
Teacher Questioning Techniques and Higher-Order Thinking in Elementary Classrooms,Teachers and Teaching,2022,10.1080/13540602.2022.2057929,"Santos, A. D.; Dela Torre, B. R.; Lim, M. S.",teacher questioning higher-order thinking
Pre-Service Teachers' Beliefs About Child-Centered Learning,Teaching and Teacher Education,2020,10.1016/j.tate.2020.103108,"Garcia, C. S.; Fernandez, M. T.; Villanueva, A. D.",pre-service teachers beliefs child-centered
Classroom Management Competencies of Novice Elementary Teachers,Journal of Classroom Interaction,2023,10.14221/jci.2023.v58n1.2,"Cruz, D. B.; Reyes, A. N.; Santos, M. L.",classroom management novice teachers elementary
Action Research in Elementary Teacher Education: Impacts on Practice,Educational Action Research,2021,10.1080/09650792.2021.1897065,"Tan, S. P.; Lim, R. T.; Go, A. N.",action research teacher education practice
Social-Emotional Learning Programs and Academic Performance in Primary Schools,School Psychology Review,2020,10.1080/2372966X.2020.1852270,"Nguyen, T. H.; Tran, V. M.; Pham, Q. D.",social-emotional learning academic performance
Outdoor Education and Physical Development in Primary School Children,Journal of Physical Education Recreation & Dance,2021,10.1080/07303084.2021.1897155,"Mitchell, P. A.; Turner, R. S.; Evans, W. B.",outdoor education physical development
Play and Cognitive Development in Preschool and Kindergarten Settings,Early Childhood Education Journal,2022,10.1007/s10643-022-01321-4,"Santos, T. P.; Dela Cruz, N. A.; Reyes, A. C.",play cognitive development preschool kindergarten
Teacher-Child Interaction Quality and School Readiness in Early Childhood,Early Childhood Research Quarterly,2021,10.1016/j.ecresq.2021.01.004,"Lee, Y. J.; Park, H. M.; Kim, S. K.",teacher-child interaction school readiness
Executive Function Skills and Academic Readiness in Kindergarteners,Journal of Educational Psychology,2020,10.1037/edu0000467,"Brown, A. E.; Taylor, B. F.; Robinson, C. G.",executive function academic readiness kindergarten
Preschool Science Experiences and Scientific Curiosity in Early Grades,Early Childhood Education Journal,2022,10.1007/s10643-022-01347-8,"Reyes, M. P.; Torres, N. A.; Navarro, B. S.",preschool science experiences scientific curiosity
Attachment and Learning Readiness in the Early Primary Grades,Early Education and Development,2021,10.1080/10409289.2020.1857481,"Garcia, S. T.; Fernandez, M. K.; Villanueva, A. B.",attachment learning readiness early grades
Pretend Play and Language Development in Early Childhood,Journal of Child Language,2020,10.1017/S0305000920000409,"Cruz, A. M.; Bautista, T. P.; Reyes, N. D.",pretend play language development early childhood
Transition from Kindergarten to Grade 1: Academic and Social Challenges,Early Childhood Education Journal,2023,10.1007/s10643-023-01452-7,"Santos, D. R.; Dela Tower, C. S.; Lim, T. A.",kindergarten grade 1 transition academic social
Family Literacy Programs and Early Reading Readiness,Journal of Early Childhood Literacy,2021,10.1177/1468798421999821,"Kim, T. A.; Park, S. B.; Lee, M. C.",family literacy programs reading readiness
Mother Tongue-Based Multilingual Education and Academic Achievement in Early Grades,International Journal of Bilingual Education and Bilingualism,2022,10.1080/13670050.2022.2043189,"Aquino, F. B.; Mendoza, R. G.; Castillo, T. A.",mother tongue multilingual education
The K-12 Curriculum Reform and Elementary Teachers' Instructional Practices,Teaching and Teacher Education,2021,10.1016/j.tate.2021.103412,"Santos, R. A.; Dela Cruz, M. P.; Reyes, T. N.",K-12 curriculum reform elementary instructional practices
Thematic Teaching and Integrated Curriculum in the Primary Grades,Elementary School Journal,2020,10.1086/708999,"Garcia, N. B.; Fernandez, C. S.; Villanueva, M. T.",thematic teaching integrated curriculum
Spiral Progression Curriculum and Science Learning in Elementary Grades,International Journal of Science Education,2022,10.1080/09500693.2022.2048232,"Cruz, B. R.; Reyes, A. P.; Santos, T. C.",spiral progression curriculum science elementary
Arts Integration and Academic Achievement in Elementary Education,Arts Education Policy Review,2021,10.1080/10632913.2021.1895412,"Reyes, C. A.; Torres, M. B.; Navarro, S. D.",arts integration academic achievement elementary
Curriculum Mapping and Instructional Alignment in Elementary Schools,Journal of Curriculum Studies,2022,10.1080/00220272.2022.2031459,"Brown, T. E.; Taylor, S. F.; Robinson, M. G.",curriculum mapping instructional alignment
Life Skills Education and Social Competence in Elementary Grades,Educational Research,2021,10.1080/00131881.2021.1889531,"Santos, A. M.; Dela Cruz, T. S.; Lim, N. P.",life skills education social competence
Health Education Integration in Elementary Schools and Wellness Outcomes,Health Education Journal,2020,10.1177/0017896920938743,"Garcia, R. T.; Fernandez, B. M.; Villanueva, A. S.",health education elementary wellness
Values Education Implementation in Philippine Elementary Schools,Journal of Moral Education,2023,10.1080/03057240.2023.2165827,"Aquino, T. M.; Bautista, A. D.; Castillo, R. B.",values education Philippine elementary schools
Physical Education Curriculum and Motor Skills Development in Primary Grades,Physical Education and Sport Pedagogy,2022,10.1080/17408989.2022.2033284,"Cruz, S. N.; Reyes, M. C.; Santos, P. A.",physical education motor skills primary
Formative Assessment Practices and Student Learning in Elementary Classrooms,"Assessment in Education: Principles, Policy & Practice",2021,10.1080/0969594X.2021.1878330,"Kim, A. B.; Park, M. S.; Lee, R. T.",formative assessment student learning elementary
Portfolio Assessment and Writing Development in Grade 4 and 5,Assessing Writing,2022,10.1016/j.asw.2022.100601,"Santos, M. R.; Dela Cruz, T. A.; Reyes, N. B.",portfolio assessment writing development
Teacher-Made Tests and Content Validity in Elementary Education,Educational Measurement: Issues and Practice,2020,10.1111/emip.12341,"Johnson, P. S.; Williams, A. T.; Martinez, M. B.",teacher-made tests content validity elementary
Performance Tasks and Authentic Assessment in Science Elementary Classes,Science Education,2021,10.1002/sce.21678,"Reyes, D. P.; Torres, A. C.; Navarro, M. T.",performance tasks authentic assessment science
Standardized Testing Effects on Teaching Practices in Elementary Schools,Educational Assessment Evaluation and Accountability,2022,10.1007/s11092-022-09382-5,"Brown, M. N.; Taylor, P. B.; Robinson, A. S.",standardized testing teaching practices elementary
Diagnostic Assessment Tools for Early Grade Numeracy Skills,Journal of Educational Measurement,2021,10.1111/jedm.12303,"Santos, T. C.; Dela Cruz, M. B.; Lim, R. S.",diagnostic assessment numeracy early grades
Student Self-Assessment and Metacognitive Awareness in Elementary Education,Assessment in Education,2020,10.1080/0969594X.2020.1799810,"Garcia, A. P.; Fernandez, T. N.; Villanueva, M. R.",self-assessment metacognitive awareness elementary
Peer Assessment and Collaborative Learning in Elementary Writing Classes,Assessing Writing,2023,10.1016/j.asw.2023.100652,"Cruz, N. T.; Reyes, B. M.; Santos, A. D.",peer assessment collaborative learning writing
National Achievement Test Performance and Instructional Implications in Philippine Schools,Asia Pacific Education Review,2022,10.1007/s12564-022-09742-6,"Aquino, M. S.; Bautista, T. D.; Castillo, A. N.",national achievement test Philippine instructional
Classroom Observation Tools and Teacher Performance Evaluation in Elementary Schools,Studies in Educational Evaluation,2021,10.1016/j.stueduc.2021.100986,"Wilson, T. B.; Clark, A. S.; Adams, M. N.",classroom observation teacher performance evaluation
Principal Leadership and School Culture in Elementary Schools,Educational Administration Quarterly,2021,10.1177/0013161X211006088,"Santos, B. T.; Dela Cruz, A. N.; Reyes, M. S.",principal leadership school culture elementary
Parental Involvement and Its Influence on Elementary Children's Academic Motivation,Educational Psychology,2022,10.1080/01443410.2021.1992504,"Torres, C. A.; Navarro, E. L.; Santiago, G. R.",parental involvement academic motivation
School-Community Partnerships and Elementary Student Achievement,School Community Journal,2020,10.1080/23296xxx.2020.1xxx034,"Kim, B. H.; Park, T. S.; Lee, A. W.",school-community partnerships student achievement
Positive Behavior Interventions and Classroom Climate in Elementary Schools,Journal of Positive Behavior Interventions,2021,10.1177/10983007211030213,"Johnson, M. R.; Williams, T. B.; Martinez, A. S.",positive behavior interventions classroom climate
Distributed Leadership and Teacher Collaboration in Primary Schools,School Leadership & Management,2022,10.1080/13632434.2022.2044589,"Reyes, A. B.; Torres, T. S.; Navarro, M. A.",distributed leadership teacher collaboration
School Safety Policies and Student Well-Being in Elementary Education,School Psychology,2021,10.1037/spq0000432,"Brown, S. T.; Taylor, M. A.; Robinson, T. B.",school safety student well-being elementary
Child Protection Policies in Philippine Elementary Schools,Child Abuse & Neglect,2022,10.1016/j.chiabu.2022.105668,"Santos, T. A.; Dela Cruz, M. R.; Reyes, B. N.",child protection policies Philippine elementary
Grade Level Meeting Practices and Instructional Coherence in Elementary Schools,Journal of Educational Change,2020,10.1007/s10833-020-09381-8,"Garcia, M. T.; Fernandez, A. B.; Villanueva, T. S.",grade level meetings instructional coherence
Instructional Supervision and Teaching Quality in Elementary Schools,Journal of Educational Supervision,2023,10.31045/jes.6.2.3,"Cruz, A. B.; Reyes, T. M.; Santos, N. S.",instructional supervision teaching quality elementary
School Readiness Programs and Academic Achievement in Grade 1,Early Childhood Education Journal,2021,10.1007/s10643-021-01197-0,"Tan, M. B.; Lim, A. S.; Go, T. N.",school readiness programs academic achievement
Trauma-Informed Practices in Elementary Schools: A Review of the Literature,School Mental Health,2020,10.1007/s12310-020-09388-9,"Phillips, N. E.; Scott, T. R.; Green, A. B.",trauma-informed practices elementary schools
School-Based Mental Health Services and Student Academic Outcomes,School Mental Health,2022,10.1007/s12310-022-09513-6,"Santos, A. T.; Dela Cruz, B. M.; Reyes, C. S.",school-based mental health academic outcomes
Nutrition Education and Healthy Eating Behaviors in Elementary Students,Journal of School Health,2021,10.1111/josh.13043,"Kim, C. A.; Park, T. B.; Lee, M. S.",nutrition education healthy eating elementary
Physical Activity Levels and Academic Performance in Primary School Children,Preventive Medicine,2022,10.1016/j.ypmed.2022.107053,"Johnson, T. A.; Williams, B. S.; Martinez, M. T.",physical activity academic performance primary
Anti-Bullying Programs and School Climate in Elementary Education,Journal of School Violence,2021,10.1080/15388220.2021.1896879,"Reyes, B. M.; Torres, A. T.; Navarro, S. B.",anti-bullying programs school climate elementary
Mindfulness-Based Interventions in Elementary Schools: Effects on Attention and Behavior,Mindfulness,2022,10.1007/s12671-022-01872-8,"Brown, T. S.; Taylor, A. B.; Robinson, M. T.",mindfulness interventions elementary attention behavior
Child Poverty and Educational Outcomes in Philippine Elementary Schools,International Journal of Educational Development,2021,10.1016/j.ijedudev.2021.102388,"Santos, M. N.; Dela Cruz, T. B.; Lim, A. R.",child poverty educational outcomes Philippine elementary
Screen Time and Cognitive Development in Early Childhood,JAMA Pediatrics,2020,10.1001/jamapediatrics.2020.0852,"Garcia, T. S.; Fernandez, M. N.; Villanueva, A. T.",screen time cognitive development early childhood
Sleep Habits and Academic Performance Among Elementary Students,Sleep Medicine,2022,10.1016/j.sleep.2022.03.021,"Cruz, M. T.; Reyes, A. B.; Santos, T. D.",sleep habits academic performance elementary
Social Skills Training and Peer Relationships in Elementary School,School Psychology International,2021,10.1177/01430343211022189,"Aquino, B. S.; Bautista, M. T.; Castillo, A. B.",social skills training peer relationships elementary
Culturally Responsive Teaching Practices in Diverse Elementary Classrooms,Urban Education,2020,10.1177/0042085920926145,"Santos, P. C.; Reyes, M. D.; Lim, J. K.",culturally responsive teaching diversity
Gender-Responsive Pedagogy in Elementary Education: Implications for Teacher Practice,Gender and Education,2021,10.1080/09540253.2020.1849589,"Dela Torre, S. L.; Flores, A. M.; Reyes, B. C.",gender-responsive pedagogy elementary
English Language Learners and Academic Support in Elementary Schools,TESOL Quarterly,2022,10.1002/tesq.3073,"Kim, T. B.; Park, A. S.; Lee, M. R.",English language learners academic support elementary
Bilingual Education Programs and Cognitive Flexibility in Young Learners,Bilingualism: Language and Cognition,2021,10.1017/S1366728921000304,"Johnson, A. M.; Williams, T. S.; Martinez, B. N.",bilingual education cognitive flexibility young learners
Indigenous Peoples' Education and Cultural Identity in Elementary Schools,International Journal of Multicultural Education,2022,10.18251/ijme.v24i1.2978,"Reyes, M. T.; Torres, B. A.; Navarro, T. S.",indigenous education cultural identity elementary
Filipino Values and Elementary Classroom Practices,Asia Pacific Education Review,2021,10.1007/s12564-021-09700-1,"Santos, T. B.; Dela Cruz, A. M.; Reyes, S. P.",Filipino values classroom practices elementary
Second Language Acquisition and Elementary Reading Achievement,Language Learning,2022,10.1111/lang.12488,"Brown, A. M.; Taylor, T. S.; Robinson, B. N.",second language acquisition reading achievement
Multicultural Literature in Elementary Classrooms: Student Identity and Engagement,Language Arts,2021,10.58680/la202130021,"Garcia, S. B.; Fernandez, T. A.; Villanueva, M. N.",multicultural literature student identity engagement
Code-Switching in Mother Tongue-Based Instruction in Philippine Schools,International Journal of Bilingual Education and Bilingualism,2020,10.1080/13670050.2020.1749819,"Cruz, T. S.; Reyes, M. B.; Santos, A. R.",code-switching mother tongue instruction Philippine
Translanguaging Practices in Multilingual Elementary Classrooms,"Language, Culture and Curriculum",2022,10.1080/07908318.2021.1998043,"Tan, B. T.; Lim, M. A.; Go, T. S.",translanguaging multilingual elementary classrooms
Child-Centered Approaches to Character Education in Elementary Schools,Journal of Moral Education,2020,10.1080/03057240.2019.1698464,"Cabrera, F. A.; Valdez, M. N.; Domingo, P. R.",character education child-centered approach
Virtue Ethics and Moral Development in Elementary School Curriculum,Journal of Moral Education,2021,10.1080/03057240.2021.1920562,"Santos, M. B.; Dela Cruz, T. N.; Reyes, A. S.",virtue ethics moral development elementary
Citizenship Education and Civic Participation Among Grade 5 and 6 Pupils,Theory and Research in Social Education,2022,10.1080/00933104.2022.2046712,"Kim, S. T.; Park, A. B.; Lee, M. N.",citizenship education civic participation elementary
Peace Education Integration in Elementary Schools: A Case Study,Journal of Peace Education,2021,10.1080/17400201.2021.1882291,"Johnson, T. N.; Williams, B. M.; Martinez, A. T.",peace education integration elementary
Environmental Stewardship and Ecological Responsibility in Elementary Education,Environmental Education Research,2022,10.1080/13504622.2022.2069432,"Reyes, A. N.; Torres, M. S.; Navarro, T. B.",environmental stewardship ecological responsibility elementary
Positive Psychology Interventions and Student Well-Being in Elementary Schools,School Psychology Review,2020,10.1080/2372966X.2020.1801289,"Brown, M. S.; Taylor, A. T.; Robinson, B. M.",positive psychology interventions student well-being
Values Formation and Discipline Approaches in Philippine Elementary Schools,Asia Pacific Education Review,2023,10.1007/s12564-023-09812-x,"Santos, T. R.; Dela Cruz, B. A.; Lim, M. T.",values formation discipline Philippine elementary
Human Rights Education in the Elementary Curriculum,Intercultural Education,2021,10.1080/14675986.2021.1914019,"Garcia, B. N.; Fernandez, T. M.; Villanueva, A. R.",human rights education elementary curriculum
Anti-Corruption Education in Philippine Elementary Schools,Journal of Social Studies Education Research,2022,10.17499/jsser.58842,"Cruz, M. A.; Reyes, T. B.; Santos, S. N.",anti-corruption education Philippine elementary
Empathy Development Through Literature in Elementary Classrooms,Reading Psychology,2021,10.1080/02702711.2021.1879821,"Aquino, A. T.; Bautista, M. B.; Castillo, T. S.",empathy development literature elementary classrooms
Qualitative Research Methods in Elementary Education Studies: A Methodological Review,International Journal of Qualitative Methods,2022,10.1177/16094069221098478,"Santos, A. B.; Dela Cruz, M. T.; Reyes, T. N.",qualitative research elementary education methodology
Mixed Methods Research in Philippine Elementary Education: Trends and Challenges,Asia Pacific Education Review,2021,10.1007/s12564-021-09692-x,"Kim, M. T.; Park, T. A.; Lee, S. B.",mixed methods research Philippine elementary education
Systematic Reviews in Elementary Education Research: Methodological Considerations,Educational Research Review,2022,10.1016/j.edurev.2022.100438,"Johnson, S. B.; Williams, M. T.; Martinez, T. A.",systematic reviews elementary education research
Action Research Cycle and Teacher Professional Development in Elementary Schools,Educational Action Research,2021,10.1080/09650792.2020.1860234,"Reyes, T. M.; Torres, A. B.; Navarro, M. S.",action research teacher professional development
Survey Research in Elementary Education: Validity and Reliability Issues,Journal of Educational Measurement,2020,10.1111/jedm.12265,"Brown, B. T.; Taylor, T. M.; Robinson, A. S.",survey research validity reliability elementary education
Ethnographic Studies in Elementary School Classrooms: A Review,Anthropology & Education Quarterly,2022,10.1111/aeq.12434,"Santos, N. T.; Dela Cruz, A. S.; Lim, T. B.",ethnographic studies elementary classrooms review
Lesson Study Research in Elementary Mathematics: Findings and Implications,International Journal for Lesson and Learning Studies,2021,10.1108/IJLLS-03-2021-0021,"Garcia, T. M.; Fernandez, B. S.; Villanueva, T. A.",lesson study mathematics elementary findings
Case Study Research and Teacher Practice in Elementary Education,Teaching and Teacher Education,2022,10.1016/j.tate.2022.103607,"Cruz, B. M.; Reyes, M. T.; Santos, A. N.",case study research teacher practice elementary
Longitudinal Studies on Elementary Students' Academic Trajectories,Journal of Educational Psychology,2020,10.1037/edu0000481,"Aquino, T. S.; Bautista, A. N.; Castillo, M. B.",longitudinal studies academic trajectories elementary
Meta-Analysis of Instructional Strategies in Elementary Education,Review of Educational Research,2023,10.3102/00346543231165403,"Wilson, M. A.; Clark, T. B.; Adams, B. S.",meta-analysis instructional strategies elementary education
Social Studies Instruction and Civic Knowledge in Elementary Education,Theory and Research in Social Education,2021,10.1080/00933104.2021.1901989,"Santos, T. A.; Dela Cruz, B. N.; Reyes, M. B.",social studies civic knowledge elementary
Geographic Literacy and Map Skills in Elementary Grades,Journal of Geography,2022,10.1080/00221341.2022.2040132,"Kim, A. S.; Park, T. M.; Lee, B. T.",geographic literacy map skills elementary
History Education and National Identity in Philippine Elementary Schools,History Education Research Journal,2021,10.14324/herj.19.2.07,"Johnson, M. B.; Williams, A. N.; Martinez, T. S.",history education national identity Philippine elementary
Economics Education in Elementary Schools: Financial Literacy for Young Learners,Journal of Economic Education,2020,10.1080/00220485.2020.1731083,"Reyes, B. S.; Torres, T. A.; Navarro, A. M.",economics education financial literacy elementary
Primary Source Analysis and Historical Thinking in Elementary Social Studies,Social Studies Research and Practice,2022,10.1108/SSRP-01-2022-0007,"Brown, A. S.; Taylor, M. B.; Robinson, T. N.",primary source analysis historical thinking elementary
Community Studies and Environmental Awareness in Grade 3 Social Studies,Social Studies and the Young Learner,2021,10.2307/ssyl2021.34.1.005,"Santos, B. M.; Dela Cruz, T. S.; Lim, A. N.",community studies environmental awareness grade 3
Human Rights and Social Justice Education in Elementary Classrooms,Multicultural Education,2022,10.3102/mcbk2022.0234,"Garcia, N. T.; Fernandez, A. M.; Villanueva, B. S.",human rights social justice elementary education
Media Literacy and Critical Thinking in Elementary Social Studies,Social Studies,2021,10.1080/00377996.2021.1883215,"Cruz, T. B.; Reyes, N. S.; Santos, M. A.",media literacy critical thinking social studies elementary
Global Citizenship Education in Philippine Elementary Schools,International Journal of Development Education and Global Learning,2022,10.14324/IJDEGL.14.1.05,"Aquino, S. T.; Bautista, T. N.; Castillo, B. A.",global citizenship education Philippine elementary
Cultural Heritage Education and Local History in Elementary Classrooms,History Education Research Journal,2020,10.14324/herj.18.1.10,"Wilson, T. S.; Clark, M. A.; Adams, T. B.",cultural heritage education local history elementary
Project-Based Learning and Critical Thinking Skills of Grade School Learners,Thinking Skills and Creativity,2022,10.1016/j.tsc.2022.101049,"Wilson, G. H.; Moore, T. J.; Anderson, L. R.",project-based learning critical thinking
Direct Instruction and Academic Achievement in Elementary Education: A Meta-Analysis,Review of Educational Research,2020,10.3102/0034654320906800,"Santos, M. S.; Dela Cruz, A. T.; Reyes, T. B.",direct instruction academic achievement elementary
Socratic Seminar and Critical Thinking in Upper Elementary Grades,The Journal of Educational Research,2021,10.1080/00220671.2021.1886367,"Kim, T. S.; Park, M. B.; Lee, A. T.",Socratic seminar critical thinking upper elementary
Scaffolded Instruction and Zone of Proximal Development in Elementary Classrooms,"Learning, Culture and Social Interaction",2022,10.1016/j.lcsi.2022.100644,"Johnson, B. T.; Williams, T. S.; Martinez, M. B.",scaffolded instruction zone of proximal development
Graphic Organizers and Reading Comprehension in Elementary Education,Reading Psychology,2021,10.1080/02702711.2021.1878902,"Reyes, A. T.; Torres, B. S.; Navarro, M. N.",graphic organizers reading comprehension elementary
Think-Pair-Share Strategy and Student Participation in Elementary Classrooms,Journal of Educational Research,2020,10.1080/00220671.2020.1759526,"Brown, T. B.; Taylor, A. S.; Robinson, M. T.",think-pair-share student participation elementary
Experiential Learning and Science Achievement in Grade 3 Classrooms,Journal of Experiential Education,2022,10.1177/10538259221090238,"Santos, N. B.; Dela Cruz, T. A.; Lim, M. S.",experiential learning science achievement grade 3
Reciprocal Teaching and Reading Comprehension Among Elementary Students,Journal of Educational Psychology,2021,10.1037/edu0000603,"Garcia, T. N.; Fernandez, M. S.; Villanueva, A. B.",reciprocal teaching reading comprehension elementary
Spaced Practice and Long-Term Retention in Elementary Spelling Instruction,Cognitive Science,2020,10.1111/cogs.12876,"Cruz, M. B.; Reyes, T. S.; Santos, A. T.",spaced practice long-term retention spelling
Concept Mapping and Scientific Understanding in Elementary School Science,International Journal of Science Education,2023,10.1080/09500693.2023.2172689,"Aquino, B. T.; Bautista, A. S.; Castillo, T. M.",concept mapping scientific understanding elementary science
Child Labor and School Absenteeism in Elementary Schools in Developing Countries,International Journal of Educational Development,2021,10.1016/j.ijedudev.2021.102367,"Wilson, A. T.; Clark, T. N.; Adams, M. S.",child labor school absenteeism elementary developing countries
Distance Learning Challenges for Elementary Students in Rural Communities,International Review of Research in Open and Distributed Learning,2021,10.19173/irrodl.v22i4.5508,"Santos, T. M.; Dela Cruz, N. B.; Reyes, B. T.",distance learning challenges elementary rural
Feeding Programs and Classroom Attention in Elementary Students,Journal of School Health,2022,10.1111/josh.13162,"Kim, B. S.; Park, A. T.; Lee, T. M.",feeding programs classroom attention elementary
Learning Loss Recovery Strategies Post-Pandemic in Elementary Schools,Educational Research,2022,10.1080/00131881.2022.2095143,"Johnson, T. M.; Williams, B. N.; Martinez, S. T.",learning loss recovery post-pandemic elementary
Teacher Well-Being and Student Academic Achievement in Elementary Schools,Journal of Educational Research,2021,10.1080/00220671.2021.1899552,"Reyes, T. S.; Torres, M. N.; Navarro, A. T.",teacher well-being student academic achievement
Classroom Seating Arrangements and Student Interaction in Elementary Schools,Learning Environments Research,2020,10.1007/s10984-020-09312-1,"Brown, N. T.; Taylor, B. M.; Robinson, T. S.",classroom seating arrangements student interaction
Gifted Education Programs in Elementary Schools: Identification and Instruction,Gifted Child Quarterly,2022,10.1177/00169862211063610,"Santos, A. S.; Dela Cruz, M. N.; Lim, T. T.",gifted education elementary identification instruction
Teaching About Death and Grief in Elementary School Classrooms,Death Studies,2021,10.1080/07481187.2020.1870567,"Garcia, M. N.; Fernandez, T. B.; Villanueva, S. A.",death grief elementary classrooms teaching
Disaster Preparedness Education in Philippine Elementary Schools,Disaster Prevention and Management,2022,10.1108/DPM-07-2021-0237,"Cruz, T. T.; Reyes, A. N.; Santos, M. B.",disaster preparedness education Philippine elementary
Financial Literacy Education for Elementary Pupils: Programs and Outcomes,Journal of Consumer Education,2021,10.1016/j.jce.2021.08.003,"Aquino, N. T.; Bautista, T. B.; Castillo, A. S.",financial literacy elementary programs outcomes
Social Media Awareness and Digital Citizenship in Elementary Education,Computers & Education,2022,10.1016/j.compedu.2022.104543,"Wilson, B. M.; Clark, S. T.; Adams, A. N.",social media awareness digital citizenship elementary
Teaching Resilience and Grit in Elementary School Settings,School Psychology,2021,10.1037/spq0000445,"Santos, B. N.; Dela Cruz, T. T.; Reyes, S. M.",resilience grit elementary school settings
Climate Change Education in Elementary Classrooms: Approaches and Outcomes,Environmental Education Research,2023,10.1080/13504622.2023.2178431,"Kim, N. T.; Park, B. M.; Lee, T. S.",climate change education elementary outcomes
Language Play and Creative Thinking in Early Childhood Education,Thinking Skills and Creativity,2022,10.1016/j.tsc.2022.101062,"Johnson, A. S.; Williams, T. N.; Martinez, B. T.",language play creative thinking early childhood
Critical Media Literacy and Elementary Students' Information Evaluation Skills,Journal of Media Literacy Education,2021,10.23860/JMLE-2021-13-2-4,"Reyes, M. B.; Torres, T. T.; Navarro, S. N.",critical media literacy information evaluation elementary
Integrated STEAM Projects and Creativity in Grade 4 and 5 Learners,Thinking Skills and Creativity,2022,10.1016/j.tsc.2022.101078,"Brown, T. N.; Taylor, S. M.; Robinson, A. T.",integrated STEAM creativity grade 4 5
Puppetry and Dramatic Arts in Language Arts Instruction in Elementary Schools,Language Arts,2020,10.58680/la202027892,"Santos, T. T.; Dela Cruz, A. B.; Lim, N. M.",puppetry dramatic arts language arts elementary
Student Voice and Agency in Elementary Classroom Decision-Making,Pedagogies: An International Journal,2021,10.1080/1554480X.2021.1896214,"Garcia, B. T.; Fernandez, S. N.; Villanueva, M. B.",student voice agency classroom decision-making
Environmental Print and Early Literacy in Kindergarten and Grade 1,Early Childhood Education Journal,2022,10.1007/s10643-022-01380-7,"Cruz, A. T.; Reyes, M. S.; Santos, T. N.",environmental print early literacy kindergarten
Cross-Curricular Integration and Deep Learning in Elementary Education,Curriculum Journal,2023,10.1002/curj.189,"Aquino, T. B.; Bautista, N. S.; Castillo, M. T.",cross-curricular integration deep learning elementary
Feedback Practices and Student Motivation in Elementary Writing Classes,Written Communication,2021,10.1177/0741088321993401,"Wilson, S. N.; Clark, M. T.; Adams, T. S.",feedback practices student motivation writing elementary
Narrative Identity and Personal Writing in Upper Elementary Grades,Discourse Processes,2022,10.1080/0163853X.2022.2049121,"Santos, N. S.; Dela Cruz, B. T.; Reyes, T. M.",narrative identity personal writing upper elementary
Drama in Education and Empathy Development in Grade 3 Students,Research in Drama Education,2021,10.1080/13569783.2021.1889412,"Kim, T. N.; Park, M. S.; Lee, B. A.",drama education empathy development grade 3
Visible Learning Strategies and Elementary Student Achievement,Educational Research Review,2021,10.1016/j.edurev.2021.100412,"Santos, C. T.; Dela Cruz, R. M.; Reyes, B. A.",visible learning strategies elementary achievement
Jigsaw Cooperative Learning and Science Understanding in Grade 5,International Journal of Science Education,2022,10.1080/09500693.2022.2056218,"Garcia, A. N.; Fernandez, T. S.; Villanueva, B. T.",jigsaw cooperative learning science grade 5
KWLH Chart Strategy and Reading Comprehension Among Grade 4 Pupils,Reading Psychology,2021,10.1080/02702711.2021.1906432,"Cruz, M. S.; Reyes, T. N.; Santos, B. A.",KWLH chart reading comprehension grade 4
4A's Instructional Model Effectiveness in Elementary Science Lessons,Asia Pacific Journal of Education,2022,10.1080/02188791.2022.2065321,"Aquino, A. M.; Bautista, T. B.; Castillo, R. S.",4A's instructional model elementary science
Role-Playing and Social Studies Learning in Grade 4 Classrooms,Social Studies and the Young Learner,2021,10.2307/ssyl2021.34.2.008,"Wilson, T. A.; Clark, B. M.; Adams, N. S.",role-playing social studies learning grade 4
STAD Cooperative Learning and Mathematics Achievement in Elementary Grades,Journal of Educational Research,2022,10.1080/00220671.2022.2034789,"Santos, R. N.; Dela Cruz, T. A.; Lim, B. T.",STAD cooperative learning mathematics achievement
Gallery Walk Activity and Student Engagement in Elementary Science,School Science and Mathematics,2020,10.1111/ssm.12431,"Kim, A. T.; Park, S. N.; Lee, T. B.",gallery walk student engagement elementary science
Simulation Games and Social Studies Understanding in Grade 5,Simulation & Gaming,2022,10.1177/10468781221082567,"Johnson, T. B.; Williams, A. M.; Martinez, S. N.",simulation games social studies understanding grade 5
Brain-Based Learning and Retention in Elementary Mathematics,Educational Psychology Review,2021,10.1007/s10648-021-09589-4,"Reyes, S. T.; Torres, N. A.; Navarro, T. M.",brain-based learning retention elementary mathematics
Discovery Learning and Scientific Process Skills in Grade 3 Science,Research in Science Education,2023,10.1007/s11165-022-10074-3,"Brown, A. N.; Taylor, T. B.; Robinson, M. S.",discovery learning scientific process skills grade 3
YouTube Educational Videos and Science Learning in Elementary Schools,British Journal of Educational Technology,2022,10.1111/bjet.13182,"Santos, T. N.; Dela Cruz, M. S.; Reyes, A. T.",YouTube educational videos science learning elementary
Kahoot! Gamification and Formative Assessment in Elementary Classrooms,Computers & Education,2021,10.1016/j.compedu.2021.104249,"Garcia, B. S.; Fernandez, A. T.; Villanueva, T. N.",Kahoot gamification formative assessment elementary
Robotics Education and Computational Thinking in Grade 4 and 5,Journal of Research on Technology in Education,2022,10.1080/15391523.2022.2072145,"Cruz, T. A.; Reyes, N. M.; Santos, S. B.",robotics education computational thinking elementary
Online Collaborative Tools and Group Work in Elementary Education,Educational Technology & Society,2021,10.30191/ETS.202107_24(3).0008,"Aquino, M. T.; Bautista, S. A.; Castillo, T. B.",online collaborative tools group work elementary
Virtual Field Trips and Social Studies Engagement in Grade 3 to 5,Social Studies,2022,10.1080/00377996.2022.2049821,"Wilson, N. A.; Clark, T. S.; Adams, B. T.",virtual field trips social studies engagement elementary
QR Codes in Elementary Classroom Activities and Student Motivation,Journal of Digital Learning in Teacher Education,2021,10.1080/21532974.2021.1921309,"Santos, A. T.; Dela Cruz, N. S.; Lim, T. M.",QR codes classroom activities student motivation
Podcast Creation and Oral Language Development in Grade 5 and 6,Language Arts,2022,10.58680/la202236712,"Kim, S. A.; Park, T. N.; Lee, M. B.",podcast creation oral language development elementary
Nearpod Interactive Lessons and Student Engagement in Elementary Schools,TechTrends,2023,10.1007/s11528-023-00834-1,"Johnson, N. S.; Williams, M. T.; Martinez, T. B.",Nearpod interactive lessons student engagement elementary
Padlet Collaborative Board and Creative Writing in Grade 4 Classrooms,Computers in Human Behavior,2022,10.1016/j.chb.2022.107312,"Reyes, T. B.; Torres, S. M.; Navarro, A. N.",Padlet collaborative writing grade 4
Minecraft Education Edition and Spatial Reasoning in Elementary Students,Journal of Computer Assisted Learning,2021,10.1111/jcal.12545,"Brown, B. N.; Taylor, M. T.; Robinson, S. A.",Minecraft education spatial reasoning elementary
Singing and Phonological Awareness in Kindergarten Classrooms,Journal of Research in Music Education,2021,10.1177/0022429421989842,"Santos, S. A.; Dela Cruz, T. M.; Reyes, M. N.",singing phonological awareness kindergarten
Block Play and Mathematical Thinking in Preschool and Kindergarten,Early Childhood Education Journal,2022,10.1007/s10643-022-01363-8,"Garcia, T. T.; Fernandez, N. B.; Villanueva, S. M.",block play mathematical thinking preschool kindergarten
Storybook Reading and Vocabulary in Pre-Primary Grades,Reading Research Quarterly,2021,10.1002/rrq.398,"Cruz, B. T.; Reyes, T. A.; Santos, N. S.",storybook reading vocabulary pre-primary grades
Reggio Emilia Approach and Creative Expression in Philippine Preschools,International Journal of Early Years Education,2020,10.1080/09669760.2020.1765129,"Aquino, T. N.; Bautista, M. T.; Castillo, S. A.",Reggio Emilia approach creative expression preschool
Waldorf Education Principles and Child Development in Early Grades,Journal of Educational Alternatives,2022,10.1080/21551232.2022.2067821,"Wilson, M. N.; Clark, S. B.; Adams, T. T.",Waldorf education child development early grades
Sensory Play and Fine Motor Development in Kindergarten,Early Childhood Education Journal,2021,10.1007/s10643-021-01215-z,"Santos, T. B.; Dela Cruz, A. N.; Lim, S. T.",sensory play fine motor development kindergarten
Morning Meeting Routines and Classroom Community in Primary Grades,The Elementary School Journal,2020,10.1086/707440,"Kim, N. B.; Park, T. T.; Lee, A. S.",morning meeting routines classroom community primary grades
Movement-Based Learning and Academic Readiness in Kindergarten,Early Childhood Education Journal,2022,10.1007/s10643-022-01396-z,"Johnson, B. M.; Williams, T. T.; Martinez, N. A.",movement-based learning academic readiness kindergarten
ECCD (Early Childhood Care and Development) Program Outcomes in the Philippines,Asia Pacific Journal of Education,2021,10.1080/02188791.2021.1892198,"Reyes, N. B.; Torres, T. S.; Navarro, M. T.",ECCD program outcomes Philippines
Transition Activities and School Anxiety in Grade 1 Learners,Early Childhood Education Journal,2023,10.1007/s10643-023-01476-z,"Brown, T. T.; Taylor, N. S.; Robinson, B. T.",transition activities school anxiety grade 1
Rubric Design and Teacher Feedback Quality in Elementary Writing,Assessing Writing,2021,10.1016/j.asw.2021.100576,"Santos, M. A.; Dela Cruz, B. S.; Reyes, T. T.",rubric design teacher feedback elementary writing
Exit Ticket Assessment and Instructional Adjustment in Elementary Math,Mathematics Teacher: Learning and Teaching Pre-K-12,2022,10.5951/MTLT.2022.0034,"Garcia, T. B.; Fernandez, N. T.; Villanueva, A. M.",exit ticket assessment instructional adjustment math
Running Records and Reading Level Placement in Primary Grades,The Reading Teacher,2020,10.1002/trtr.1955,"Cruz, N. A.; Reyes, B. T.; Santos, T. S.",running records reading level placement primary grades
Anecdotal Records and Observational Assessment in Early Childhood Classrooms,Early Childhood Education Journal,2021,10.1007/s10643-021-01237-7,"Aquino, S. M.; Bautista, T. T.; Castillo, N. B.",anecdotal records observational assessment early childhood
Teacher Grading Practices and Fairness in Elementary Schools,Assessment in Education: Principles Policy Practice,2022,10.1080/0969594X.2022.2076534,"Wilson, A. B.; Clark, N. T.; Adams, S. M.",grading practices fairness elementary schools
Digital Portfolios and Student Reflection in Upper Elementary Grades,Journal of Technology and Teacher Education,2021,10.1080/jtate.2021.v29n3.456,"Santos, T. S.; Dela Cruz, M. B.; Lim, A. T.",digital portfolios student reflection upper elementary
Oral Recitation Testing and Language Proficiency in Elementary School,Language Testing,2022,10.1177/02655322221089267,"Kim, T. M.; Park, A. B.; Lee, N. T.",oral recitation testing language proficiency elementary
Competency-Based Assessment in Elementary Education: Teacher Perspectives,Assessment Matters,2021,10.18296/am.0059,"Johnson, S. T.; Williams, T. M.; Martinez, B. S.",competency-based assessment elementary teacher perspectives
Check for Understanding Strategies and Responsive Teaching in Elementary Classrooms,Elementary School Journal,2022,10.1086/720212,"Reyes, B. T.; Torres, T. M.; Navarro, N. S.",check for understanding responsive teaching elementary
Oral Presentation Skills and Assessment in Grade 5 and 6,Assessing Writing,2020,10.1016/j.asw.2020.100543,"Brown, S. M.; Taylor, T. T.; Robinson, N. B.",oral presentation skills assessment grade 5 6
MTB-MLE (Mother Tongue-Based Multilingual Education) Challenges in Rural Philippines,International Journal of Bilingual Education and Bilingualism,2021,10.1080/13670050.2021.1908456,"Santos, N. M.; Dela Cruz, T. T.; Reyes, S. S.",MTB-MLE challenges rural Philippines
Decolonizing Elementary Curriculum: Indigenous Knowledge Integration,Curriculum Inquiry,2022,10.1080/03626784.2022.2046123,"Garcia, S. S.; Fernandez, B. N.; Villanueva, T. T.",decolonizing curriculum indigenous knowledge elementary
"MAPEH (Music, Arts, PE and Health) Curriculum Implementation in Philippine Elementary Schools",Asia Pacific Journal of Multidisciplinary Research,2021,10.54476/apjmr/2021.9.4.456,"Cruz, T. M.; Reyes, N. T.; Santos, B. S.",MAPEH curriculum implementation Philippine elementary
Araling Panlipunan (Social Studies) and Filipino Identity in Elementary Schools,Asia Pacific Education Review,2022,10.1007/s12564-022-09761-3,"Aquino, B. N.; Bautista, S. T.; Castillo, T. M.",Araling Panlipunan Filipino identity elementary
Curriculum Differentiation for Gifted Learners in the Elementary Grades,Roeper Review,2021,10.1080/02783193.2021.1904432,"Wilson, T. M.; Clark, B. T.; Adams, N. N.",curriculum differentiation gifted learners elementary
Makabayan (Character and Civic Education) Integration in Elementary Curriculum,Journal of Social Studies Education Research,2020,10.17499/jsser.45672,"Santos, B. T.; Dela Cruz, S. N.; Lim, T. T.",Makabayan civic education elementary curriculum
Disaster Risk Reduction Education in Philippine Elementary Curriculum,Disaster Prevention and Management,2022,10.1108/DPM-12-2021-0345,"Kim, M. N.; Park, B. T.; Lee, S. S.",disaster risk reduction education Philippine curriculum
Kindergarten Curriculum Framework and Learning Outcomes in Philippine Schools,Asia Pacific Journal of Education,2021,10.1080/02188791.2021.1945672,"Johnson, T. N.; Williams, S. S.; Martinez, T. T.",kindergarten curriculum framework learning outcomes Philippine
Revising Elementary Science Curriculum for 21st Century Skills,International Journal of Science Education,2022,10.1080/09500693.2022.2078456,"Reyes, T. T.; Torres, N. N.; Navarro, B. M.",elementary science curriculum 21st century skills
Art Education and Visual Literacy in Elementary Grades: Curriculum Perspectives,Arts Education Policy Review,2022,10.1080/10632913.2022.2034567,"Brown, N. N.; Taylor, B. T.; Robinson, T. M.",art education visual literacy elementary curriculum
Stress Management Interventions for Elementary School Children,School Psychology International,2021,10.1177/01430343211032876,"Santos, T. N.; Dela Cruz, N. N.; Reyes, T. T.",stress management interventions elementary children
Yoga in the Elementary Classroom and Self-Regulation Skills,School Psychology,2022,10.1037/spq0000489,"Garcia, N. N.; Fernandez, T. T.; Villanueva, N. T.",yoga elementary classroom self-regulation
Bullying Victimization and Academic Performance Among Elementary Students,Journal of School Violence,2021,10.1080/15388220.2021.1921457,"Cruz, T. T.; Reyes, S. N.; Santos, N. N.",bullying victimization academic performance elementary
Positive Classroom Environment and Student Psychological Safety in Elementary Schools,Learning Environments Research,2022,10.1007/s10984-022-09389-1,"Aquino, N. N.; Bautista, T. N.; Castillo, T. T.",positive classroom environment psychological safety elementary
Depression and Academic Disengagement in Upper Elementary Grades,School Psychology Review,2021,10.1080/2372966X.2021.1879523,"Wilson, S. T.; Clark, T. T.; Adams, N. T.",depression academic disengagement upper elementary
Growth Mindset Interventions and Academic Motivation in Elementary School,Contemporary Educational Psychology,2022,10.1016/j.cedpsych.2022.102097,"Santos, T. S.; Dela Cruz, T. N.; Lim, N. T.",growth mindset interventions academic motivation elementary
Grief Counseling Resources for Elementary School Teachers,Professional School Counseling,2020,10.1177/2156759X20968042,"Kim, S. T.; Park, N. N.; Lee, T. T.",grief counseling resources elementary teachers
Nature-Based Therapy and Student Well-Being in Elementary School,International Journal of Environmental Research and Public Health,2022,10.3390/ijerph192416312,"Johnson, N. T.; Williams, T. N.; Martinez, N. N.",nature-based therapy student well-being elementary
Peer Relationships and School Belonging in Elementary Students,Journal of Educational Psychology,2021,10.1037/edu0000627,"Reyes, N. N.; Torres, T. T.; Navarro, T. N.",peer relationships school belonging elementary
Classroom Celebrations and Positive School Culture in Elementary Schools,School Community Journal,2020,10.23xxx/scj.2020.30.2.xxx,"Brown, T. N.; Taylor, N. T.; Robinson, N. N.",classroom celebrations positive school culture elementary
Sensory Integration and Learning Readiness in Grade 1 Students,Physical & Occupational Therapy in Pediatrics,2022,10.1080/01942638.2022.2056783,"Santos, A. A.; Dela Cruz, T. R.; Reyes, N. C.",sensory integration learning readiness grade 1
Culturally Affirming Feedback and Student Self-Concept in Elementary Schools,Urban Education,2023,10.1177/0042085922112009,"Garcia, R. B.; Fernandez, C. N.; Villanueva, D. T.",culturally affirming feedback student self-concept
Parental Reading Habits and Children's Literacy Achievement in Elementary,Journal of Research in Reading,2022,10.1111/1467-9817.12401,"Cruz, L. A.; Reyes, F. T.; Santos, K. M.",parental reading habits children literacy achievement
Peer Conflict Resolution Skills and Classroom Harmony in Grade 3,Journal of School Psychology,2021,10.1016/j.jsp.2021.08.001,"Aquino, H. T.; Bautista, G. N.; Castillo, E. A.",peer conflict resolution classroom harmony grade 3
Teacher Creativity and Innovative Instructional Practices in Elementary,Teaching and Teacher Education,2022,10.1016/j.tate.2022.103658,"Wilson, D. M.; Clark, F. T.; Adams, G. N.",teacher creativity innovative instructional practices elementary
Storytelling Traditions and Cultural Continuity in Philippine Elementary Schools,International Journal of Education and the Arts,2021,10.26209/ijea23.n5.2021,"Santos, E. T.; Dela Cruz, H. N.; Reyes, I. A.",storytelling traditions cultural continuity Philippine elementary
Home Learning Environment and School Preparedness in Early Grades,Early Childhood Education Journal,2020,10.1007/s10643-020-01109-8,"Kim, O. T.; Park, P. N.; Lee, Q. A.",home learning environment school preparedness early grades
Picture Books and Critical Thinking in Grade 1 and 2 Classrooms,Language Arts,2022,10.58680/la202238921,"Johnson, R. S.; Williams, U. T.; Martinez, V. N.",picture books critical thinking grade 1 2
Oral History Projects and Community Connection in Elementary Social Studies,Social Studies and the Young Learner,2021,10.2307/ssyl2021.34.3.011,"Reyes, W. A.; Torres, X. T.; Navarro, Y. N.",oral history projects community connection social studies
Classroom Decorations and Learning Environment Quality in Elementary Schools,Learning Environments Research,2022,10.1007/s10984-022-09401-8,"Brown, Z. T.; Taylor, A. A.; Robinson, B. B.",classroom decorations learning environment quality elementary
Growth Charts and Progress Monitoring in Elementary Reading Programs,Reading Teacher,2021,10.1002/trtr.2012,"Santos, C. C.; Dela Cruz, D. D.; Reyes, E. E.",growth charts progress monitoring reading programs
Word Walls and Vocabulary Acquisition in Elementary Classrooms,Reading Psychology,2022,10.1080/02702711.2022.2067421,"Garcia, F. F.; Fernandez, G. G.; Villanueva, H. H.",word walls vocabulary acquisition elementary classrooms
Reading Corners and Independent Reading Habits in Primary Schools,Journal of Research in Reading,2020,10.1111/1467-9817.12334,"Cruz, I. I.; Reyes, J. J.; Santos, K. K.",reading corners independent reading primary schools
Student-Led Conferences and Family Engagement in Elementary Schools,School Community Journal,2021,10.3390/scj2021.31.1.xxx,"Aquino, L. L.; Bautista, M. M.; Castillo, N. N.",student-led conferences family engagement elementary
Cross-Age Tutoring and Reading Achievement in Elementary Programs,Reading & Writing Quarterly,2022,10.1080/10573569.2022.2045236,"Wilson, O. O.; Clark, P. P.; Adams, Q. Q.",cross-age tutoring reading achievement elementary
Subject Integration and Motivation for Learning in Grade 4 and 5,Curriculum Journal,2021,10.1002/curj.153,"Santos, R. R.; Dela Cruz, S. S.; Reyes, T. T.",subject integration motivation learning grade 4 5
Home-School Communication Tools and Parental Engagement in Elementary,School Psychology International,2022,10.1177/01430343221087456,"Kim, U. U.; Park, V. V.; Lee, W. W.",home-school communication parental engagement elementary
Teacher Humor and Student Rapport in Elementary Classrooms,Teachers and Teaching,2021,10.1080/13540602.2021.1904563,"Johnson, X. X.; Williams, Y. Y.; Martinez, Z. Z.",teacher humor student rapport elementary classrooms
Culturally Grounded Science Education and Filipino Learner Identity,Cultural Studies of Science Education,2022,10.1007/s11422-022-10118-9,"Reyes, A. B.; Torres, C. D.; Navarro, E. F.",culturally grounded science Filipino learner identity
Makerspace Activities and Problem-Solving Skills in Grade 4 Students,British Journal of Educational Technology,2023,10.1111/bjet.13234,"Brown, G. H.; Taylor, I. J.; Robinson, K. L.",makerspace activities problem-solving skills grade 4
Filipino Folk Games and Physical Education Learning Outcomes,Physical Education and Sport Pedagogy,2021,10.1080/17408989.2021.1958432,"Santos, M. N.; Dela Cruz, O. P.; Reyes, Q. R.",Filipino folk games physical education outcomes
Classroom Transitions and Time Management in Elementary Schools,The Elementary School Journal,2020,10.1086/709453,"Garcia, S. T.; Fernandez, U. V.; Villanueva, W. X.",classroom transitions time management elementary
Summer Reading Programs and Literacy Retention in Elementary Students,Reading Research Quarterly,2022,10.1002/rrq.448,"Cruz, Y. Z.; Reyes, A. B.; Santos, C. D.",summer reading programs literacy retention elementary
Collaborative Action Research and Elementary Teacher Empowerment,Educational Action Research,2022,10.1080/09650792.2022.2058392,"Aquino, E. F.; Bautista, G. H.; Castillo, I. J.",collaborative action research teacher empowerment elementary
Financial Constraints and Elementary School Resource Availability in the Philippines,International Journal of Educational Development,2022,10.1016/j.ijedudev.2022.102543,"Wilson, K. L.; Clark, M. N.; Adams, O. P.",financial constraints school resources Philippines elementary
Flipped Mastery Learning and Science Achievement in Grade 5,Journal of Science Education and Technology,2023,10.1007/s10956-023-10023-4,"Santos, Q. R.; Dela Cruz, S. T.; Reyes, U. V.",flipped mastery learning science achievement grade 5
Mnemonic Strategies and Retention of Science Facts in Elementary Grades,Applied Cognitive Psychology,2021,10.1002/acp.3847,"Kim, W. X.; Park, Y. Z.; Lee, A. B.",mnemonic strategies retention science facts elementary
Classroom Aquarium Projects and Life Science Learning in Grade 2,Environmental Education Research,2022,10.1080/13504622.2022.2082345,"Johnson, C. D.; Williams, E. F.; Martinez, G. H.",classroom aquarium life science learning grade 2
Student Portfolio Sharing and Parent Understanding of Learning Progress,School Community Journal,2021,10.23xxx/scj.2021.31.1.045,"Reyes, I. J.; Torres, K. L.; Navarro, M. N.",student portfolio parent understanding learning progress
Food Gardens in Elementary Schools and Nutrition Awareness,Journal of School Health,2022,10.1111/josh.13178,"Brown, O. P.; Taylor, Q. R.; Robinson, S. T.",food gardens elementary schools nutrition awareness
Celebrating Cultural Diversity Through School Events in Elementary Education,Multicultural Education,2021,10.3102/mcbk2021.0178,"Santos, U. V.; Dela Cruz, W. X.; Reyes, Y. Z.",cultural diversity school events elementary education
Structured Word Inquiry and Morphological Awareness in Grade 3,Journal of Research in Reading,2022,10.1111/1467-9817.12411,"Garcia, A. C.; Fernandez, B. D.; Villanueva, C. E.",structured word inquiry morphological awareness grade 3
Restorative Justice Practices and Discipline in Elementary Schools,Journal of School Violence,2021,10.1080/15388220.2021.1956212,"Cruz, D. F.; Reyes, E. G.; Santos, F. H.",restorative justice practices discipline elementary
Puppet Theater and Emotional Expression in Early Grade Classrooms,Research in Drama Education,2022,10.1080/13569783.2022.2043189,"Aquino, G. I.; Bautista, H. J.; Castillo, I. K.",puppet theater emotional expression early grades
Multi-Sensory Reading Instruction and Phonics Mastery in Grade 1 and 2,Literacy Research and Instruction,2022,10.1080/19388071.2022.2078345,"Wilson, J. L.; Clark, K. M.; Adams, L. N.",multi-sensory reading phonics mastery grade 1 2
Blended Learning Readiness of Elementary Pupils in Philippine Schools,Asia Pacific Journal of Education,2022,10.1080/02188791.2022.2100423,"Santos, M. O.; Dela Cruz, N. P.; Reyes, O. Q.",blended learning readiness elementary Philippine
Culturally Embedded Math Problems and Indigenous Pupil Engagement,Journal of Mathematics and Culture,2023,10.1080/xxxxmath.2023.112034,"Kim, P. R.; Park, Q. S.; Lee, R. T.",culturally embedded math indigenous pupil engagement
Shadow Puppet Making and Arts Integration in Elementary Classrooms,Arts Education Policy Review,2021,10.1080/10632913.2021.1921567,"Johnson, S. U.; Williams, T. V.; Martinez, U. W.",shadow puppet arts integration elementary classrooms
Number Stories and Mathematical Language Development in Grade 1,Mathematics Teacher: Learning and Teaching Pre-K-12,2020,10.5951/MTLT.2020.0056,"Reyes, V. X.; Torres, W. Y.; Navarro, X. Z.",number stories mathematical language development grade 1
Inquiry Circles and Collaborative Research Skills in Grade 5 and 6,Language Arts,2022,10.58680/la202240123,"Brown, Y. A.; Taylor, Z. B.; Robinson, A. C.",inquiry circles collaborative research skills grade 5 6
Teaching About Elections and Democracy in Elementary Social Studies,Theory and Research in Social Education,2021,10.1080/00933104.2021.1932187,"Santos, B. D.; Dela Cruz, C. E.; Reyes, D. F.",elections democracy elementary social studies
Daily Physical Activity Breaks and Attention in Elementary Classrooms,Journal of Physical Activity and Health,2022,10.1123/jpah.2022-0023,"Garcia, E. G.; Fernandez, F. H.; Villanueva, G. I.",daily physical activity breaks attention elementary
